{"bin_edges": [0.1, 0.87, 1.0, 1.1, 1.2, 1.3, 1.4, 1.5, 1.7, 1.9, 2.1, 2.3, 3.0, 5.5, 11.0, 22.0, 44.0, 88.0, 1000.0], "probabilities": [0.0, 0.0, 0.0, 0.0, 0.0, 0.0, 0.0, 0.0, 0.0, 0.0, 0.0, 0.0, 1.3988810110276972e-14, 0.8622729757731625, 0.13631126536169189, 0.0, 0.0, 0.0]}