{"bin_edges": [0.1, 0.87, 1.0, 1.1, 1.2, 1.3, 1.4, 1.5, 1.7, 1.9, 2.1, 2.3, 3.0, 5.5, 11.0, 22.0, 44.0, 88.0, 1000.0], "probabilities": [0.0, 0.0, 0.0, 0.0, 0.0, 0.0, 0.0, 0.0, 0.0, 0.0, 0.0, 0.0, 0.0, 7.662193102220272e-11, 0.989388657948897, 0.010577224436173075, 0.0, 0.0]}